{
    "sites": {
        "aflaam": {
            "label": "Aflaam",
            "active": "True",
            "url": "https://aflaam.com/"
        },
        "aflamfree": {
            "label": "Aflamfree",
            "active": "True",
            "url": "https://www.aflamfree.top/"
        },
        "ahdaf": {
            "label": "Ahdaf",
            "active": "True",
            "url": "https://www.ahdaf-kooora.com/"
        },
        "akoam": {
            "label": "Akoam",
            "active": "True",
            "url": "https://ak.sv/old/"
        },
        "akwam": {
            "label": "Akwam",
            "active": "True",
            "url": "https://ak.sv/"
        },
        "alarab": {
            "label": "Alarab",
            "active": "False",
            "url": "https://vod2.alarab.com/"
        },
        "alarabiya": {
            "label": "Alarabiya",
            "active": "True",
            "url": "https://www.alarabiya.net/"
        },
        "alfajertv": {
            "label": "Alfajertv",
            "active": "True",
            "url": "http://show.alfajertv.com/"
        },
        "aljazeera": {
            "label": "Aljazeera",
            "active": "True",
            "url": "https://www.aljazeera.net/"
        },
        "alwanfilm": {
            "label": "Alwanfilm",
            "active": "False",
            "url": "https://alwanfilm.com/"
        },
        "animeblkom": {
            "label": "Animeblkom",
            "active": "True",
            "url": "https://blkom.com/"
        },
        "animeup": {
            "label": "Anime4up",
            "active": "True",
            "url": "https://anime4up.com/"
        },
        "animezid": {
            "label": "Animezid",
            "active": "True",
            "url": "https://animezid.org/"
        },
        "arabsciences": {
            "label": "Arabsciences",
            "active": "True",
            "url": "https://arabsciences.com/"
        },
        "arabseed": {
            "label": "Arabseed",
            "active": "True",
            "url": "https://k70.arabseed.ink/"
        },
        "aracinema_co": {
            "label": "Aramosalsal",
            "active": "True",
            "url": "https://aradramatv.com"
        },
        "arbcinema": {
            "label": "Arbcinema",
            "active": "True",
            "url": "https://ok.arbcinema.com/"
        },
        "arblionz": {
            "label": "Arblionz",
            "active": "True",
            "url": "https://arablionztv.com"
        },
        "asia2tv": {
            "label": "Asia2TV",
            "active": "True",
            "url": "https://ww1.asia2tv.pw/"
        },
        "asiaarabs": {
            "label": "Asia4arabs",
            "active": "True",
            "url": "https://www.asia4arabs.com/"
        },
        "asharq": {
            "label": "asharq",
            "active": "True",
            "url": "https://now.asharq.com"
        },
        "bahyfilm": {
            "label": "Bahyfilm",
            "active": "True",
            "url": "https://bahyfilm.com/"
        },
        "beinmatch": {
            "label": "Beinmatch",
            "active": "True",
            "url": "https://beinmatch.biz/"
        },
        "beinsports_net": {
            "label": "Beinsports",
            "active": "True",
            "url": "https://www.beinsports.com/"
        },
        "btolat": {
            "label": "Btolat",
            "active": "True",
            "url": "https://www.btolat.com/"
        },
        "cartoonrbi": {
            "label": "CartoonArbi",
            "active": "True",
            "url": "https://www.arteenz.com/"
        },
        "cdrama": {
            "label": "Cdrama",
            "active": "True",
            "url": "https://cdrama.in/"
        },
        "cimaclub": {
            "label": "Cimaclub",
            "active": "True",
            "url": "https://cimaclub.watch"
        },
        "cimanow": {
            "label": "Cimanow",
            "active": "True",
            "url": "https://cimanow.cc/"
        },
        "cimau": {
            "label": "Cimau",
            "active": "True",
            "url": "https://cima4u.actor/"
        },
        "detectiveconanar": {
            "label": "Detectiveconanar",
            "active": "True",
            "url": "https://detectiveconanar.com/"
        },
        "daktna": {
            "label": "Daktna",
            "active": "True",
            "url": "https://u.daktna.cam/"
        },
        "docarabic": {
            "label": "Docarabic",
            "active": "True",
            "url": "https://docarabic.wordpress.com/"
        },
        "egyclub": {
            "label": "Egyclub",
            "active": "True",
            "url": "https://my.egy-club.com/"
        },
        "egydead": {
            "label": "Egydead",
            "active": "True",
            "url": "https://egydead.center"
        },
        "aflamtop": {
            "label": "Aflamtop",
            "active": "True",
            "url": "https://aflam.top/"
        },
        "egybest": {
            "label": "EgyBest",
            "active": "True",
            "url": "https://r.egybist.site/"
        },
        "esseq": {
            "label": "Esseq",
            "active": "True",
            "url": "https://eshqy.net/"
        },
        "fansubs": {
            "label": "Fansubstv",
            "active": "False",
            "url": "https://fansubs.tv/"
        },
        "faselhd": {
            "label": "Faselhd",
            "active": "True",
            "url": "https://www.faselhds.care/",
            "url2": "Lzk5LjAxMi42Ni41OTEvLzpwdHRo"
        },
        "fnteam": {
            "label": "Fnteam",
            "active": "True",
            "url": "https://www.fn-team.com/"
        },
        "fushaar": {
            "label": "Fushaar",
            "active": "True",
            "url": "https://www.fushaar.com/"
        },
        "ifushaar": {
            "label": "iFushaar",
            "active": "True",
            "url": "https://t.ifushaar.com/"
        },
        "gateanime": {
            "label": "Gateanime",
            "active": "True",
            "url": "https://c.gateanime.com/"
        },
        "geoarabic": {
            "label": "Geoarabic",
            "active": "True",
            "url": "https://www.geoarabic.com/"
        },
        "halacima": {
            "label": "Halacima",
            "active": "True",
            "url": "https://halacima.media/"
        },
        "hidaya": {
            "label": "Hidaya",
            "active": "True",
            "url": "https://hidaya.tn/"
        },
        "katkoute": {
            "label": "Katkoute",
            "active": "True",
            "url": "https://www.katkoute.com/"
        },
        "koralive": {
            "label": "Koralive",
            "active": "True",
            "url": "https://lives.360kora-live.com/"
        },
        "linkbox": {
            "label": "Telebox",
            "active": "True",
            "url": "https://www.linkbox.to"
        },
        "lodynet": {
            "label": "Lodynet",
            "active": "True",
            "url": "https://llodynet.site/"
        },
        "MatrixTV": {
            "label": "MatrixTV",
            "active": "True",
            "url": "https://iptv-org.github.io/"
        },
        "moviztime": {
            "label": "MovizTime",
            "active": "True",
            "url": "https://movtime94.homes/home5/"
        },
        "pakistani": {
            "label": "Pakistani",
            "active": "True",
            "url": "https://pakistani-live.net/"
        },
        "prstej": {
            "label": "Prstej",
            "active": "True",
            "url": "https://wws.brstej.com/"
        },
        "qfilm": {
            "label": "QFilm",
            "active": "False",
            "url": "https://h.qfilm.tv/"
        },
        "s3uditv": {
            "label": "S3uditv",
            "active": "False",
            "url": "https://k.s3udi.tv/"
        },
        "shahidu": {
            "label": "Shahid4u",
            "active": "True",
            "url": "https://shed4u1.com/"
        },
        "shoffree": {
            "label": "Shoffree",
            "active": "True",
            "url": "https://sh.shoffree.com/"
        },
        "shooflive": {
            "label": "Shooflive",
            "active": "True",
            "url": "https://shooflive-tv.blogspot.com/"
        },
        "shoofvod": {
            "label": "Shoofvod",
            "active": "True",
            "url": "http://shoofvod.com/"
        },
        "spacepowerfan": {
            "label": "Spacepowerfan",
            "active": "True",
            "url": "https://spacepowerfan.com/"
        },
        "stardima": {
            "label": "Stardima",
            "active": "True",
            "url": "https://w1.stardima.sbs/watch/"
        },
        "studiotv": {
            "label": "studio2tv",
            "active": "True",
            "url": "https://www.studio2tv.tn/"
        },
        "themoviedb_org": {
            "label": "The Movie Database",
            "active": "True",
            "url": "https://www.themoviedb.org/"
        },
        "toonsland": {
            "label": "Toonsland",
            "active": "False",
            "url": "https://www.toonsland.site/"
        },
        "topcinema": {
            "label": "TopCinema",
            "active": "True",
            "url": "https://web3.topcinema.top/"
        },
        "topimdb": {
            "label": "Top IMDB",
            "active": "True",
            "url": "https://www.imdb.com/"
        },
        "tuktukcinema": {
            "label": "Tuktukcinema",
            "active": "True",
            "url": "https://www.tuktukcima.com/"
        },
        "tvfun": {
            "label": "tvfun",
            "active": "True",
            "url": "https://www.tv-f.com/"
        },
        "tvnine": {
            "label": "Tv96",
            "active": "True",
            "url": "https://tv.s96.net/"
        },
        "watanflix": {
            "label": "Watanflix",
            "active": "True",
            "url": "https://watanflix.com/"
        },
        "witanime": {
            "label": "WitAnime",
            "active": "True",
            "url": "https://witanime.com/"
        },
        "mycima": {
            "label": "Wecima",
            "active": "True",
            "url": "https://wecima.show/"
        },
        "yalladrama": {
            "label": "Yalladrama",
            "active": "False",
            "url": "https://ww2.yalladrama.co/"
        },
        "xsanime": {
            "label": "Xsanime",
            "active": "True",
            "url": "https://xsaniime.com/"
        },
        "yallalive": {
            "label": "Yallalive",
            "active": "True",
            "url": "https://yallalive.sx/"
        }
    }
}